,id,stationName,latitude,longitude,totalDocks
0,72,W 52 St & 11 Ave,40.76727216,-73.99392888,39
1,79,Franklin St & W Broadway,40.71911552,-74.00666661,33
2,82,St James Pl & Pearl St,40.71117416,-74.00016545,27
3,83,Atlantic Ave & Fort Greene Pl,40.68382604,-73.97632328,62
5,119,Park Ave & St Edwards St,40.69608941,-73.97803415,19
6,120,Lexington Ave & Classon Ave,40.68676793,-73.95928168,19
7,127,Barrow St & Hudson St,40.73172428,-74.00674436,31
8,128,MacDougal St & Prince St,40.72710258,-74.00297088,30
9,143,Clinton St & Joralemon St,40.69239502,-73.99337909,24
10,144,Nassau St & Navy St,40.69839895,-73.98068914,19
11,146,Hudson St & Reade St,40.71625008,-74.0091059,39
12,150,E 2 St & Avenue C,40.7208736,-73.98085795,31
13,151,Cleveland Pl & Spring St,40.722103786686034,-73.99724900722504,33
14,152,Warren St & Church St,40.71473993,-74.00910627,29
15,157,Henry St & Atlantic Ave,40.69089272,-73.99612349,23
16,161,LaGuardia Pl & W 3 St,40.72917025,-73.99810231,35
17,164,E 47 St & 2 Ave,40.75323098,-73.97032517,47
18,167,E 39 St & 3 Ave,40.7489006,-73.97604882,45
19,168,W 18 St & 6 Ave,40.73971301,-73.99456405,47
20,173,Broadway & W 49 St,40.76068327096592,-73.9845272898674,51
21,174,E 25 St & 1 Ave,40.7381765,-73.97738662,30
22,195,Liberty St & Broadway,40.70905623,-74.01043382,45
23,212,W 16 St & The High Line,40.74334935,-74.00681753,28
24,216,Columbia Heights & Cranberry St,40.70037867,-73.99548059,23
25,217,Old Fulton St,40.70277159,-73.99383605,39
26,223,W 13 St & 7 Ave,40.73781509,-73.99994661,33
27,228,E 48 St & 3 Ave,40.7546011026,-73.971878855,55
28,229,Great Jones St,40.72743423,-73.99379025,23
29,232,Cadman Plaza E & Tillary St,40.69597683,-73.99014892,23
30,236,St Marks Pl & 2 Ave,40.7284186,-73.98713956,39
31,237,E 11 St & 2 Ave,40.73047309,-73.98672378,39
32,238,Bank St & Washington St,40.7361967,-74.00859207,31
33,239,Willoughby St & Fleet St,40.69196566,-73.9813018,31
34,241,DeKalb Ave & S Portland Ave,40.68981035,-73.97493121,23
35,242,Carlton Ave & Flushing Ave,40.697787,-73.973736,23
36,243,Fulton St & Rockwell Pl,40.688226,-73.979382,31
37,244,Willoughby Ave & Hall St,40.69196035,-73.96536851,31
38,245,Myrtle Ave & St Edwards St,40.69327018,-73.97703874,23
39,247,Perry St & Bleecker St,40.73535398,-74.00483091,20
40,248,Laight St & Hudson St,40.72185379,-74.00771779,23
41,249,Harrison St & Hudson St,40.71870987,-74.0090009,27
42,251,Mott St & Prince St,40.72317958,-73.99480012,27
43,252,MacDougal St & Washington Sq,40.73226398,-73.99852205,30
44,253,W 13 St & 5 Ave,40.73543934,-73.99453948,55
45,254,W 11 St & 6 Ave,40.73532427,-73.99800419,31
46,257,Lispenard St & Broadway,40.71939226,-74.00247214,39
47,258,DeKalb Ave & Vanderbilt Ave,40.68940747,-73.96885458,23
48,259,South St & Whitehall St,40.70122128,-74.01234218,39
49,260,Broad St & Bridge St,40.70365182,-74.01167797,35
50,261,Johnson St & Gold St,40.69474881,-73.98362464,27
51,262,Washington Park,40.6917823,-73.9737299,24
52,264,Maiden Ln & Pearl St,40.70706456,-74.00731853,27
53,265,Stanton St & Chrystie St,40.72229346,-73.99147535,35
54,266,Avenue D & E 8 St,40.72368361,-73.97574813,24
55,267,Broadway & W 36 St,40.75097711,-73.98765428,57
56,268,Howard St & Centre St,40.71910537,-73.99973337,27
57,270,Adelphi St & Myrtle Ave,40.69308257,-73.97178913,23
58,274,Lafayette Ave & Fort Greene Pl,40.68691865,-73.976682,31
59,275,Washington Ave & Greene Ave,40.68650065,-73.96563307,19
60,276,Duane St & Greenwich St,40.71748752,-74.0104554,25
61,278,Concord St & Bridge St,40.69766564,-73.98476437,19
62,279,Peck Slip & Front St,40.707873,-74.00167,36
63,280,E 10 St & 5 Ave,40.73331967,-73.99510132,31
64,281,Grand Army Plaza & Central Park S,40.7643971,-73.97371465,57
65,282,Kent Ave & S 11 St,40.707644944175705,-73.96841526031494,27
66,284,Greenwich Ave & 8 Ave,40.7390169121,-74.0026376103,43
67,285,Broadway & E 14 St,40.73454567,-73.99074142,51
68,289,Monroe St & Classon Ave,40.6845683,-73.95881081,19
69,291,Madison St & Montgomery St,40.713126,-73.984844,20
70,293,Lafayette St & E 8 St,40.73020660529954,-73.99102628231049,55
71,295,Pike St & E Broadway,40.71406667,-73.99293911,24
72,296,Division St & Bowery,40.71413089,-73.9970468,35
73,297,E 15 St & 3 Ave,40.734232,-73.986923,27
74,301,E 2 St & Avenue B,40.72217444,-73.98368779,37
75,302,Avenue D & E 3 St,40.72082834,-73.97793172,23
76,303,Mercer St & Spring St,40.72362738,-73.99949601,31
77,304,Broadway & Battery Pl,40.70463334,-74.01361706,33
78,305,E 58 St & 3 Ave,40.76095756,-73.96724467,33
79,306,Cliff St & Fulton St,40.70823502,-74.00530063,17
80,307,Canal St & Rutgers St,40.71427487,-73.98990025,31
81,308,St James Pl & Oliver St,40.71307916,-73.99851193,27
82,309,Murray St & West St,40.7149787,-74.013012,41
83,310,State St & Smith St,40.68926942,-73.98912867,36
84,311,Norfolk St & Broome St,40.7172274,-73.98802084,31
85,312,Allen St & Stanton St,40.722055,-73.989111,31
86,313,Washington Ave & Park Ave,40.69610226,-73.96751037,23
87,314,Cadman Plaza West & Montague St,40.69383,-73.990539,39
88,315,South St & Gouverneur Ln,40.70355377,-74.00670227,29
90,317,E 6 St & Avenue B,40.72453734,-73.98185424,27
91,319,Fulton St & Broadway,40.711066,-74.009447,33
92,320,Leonard St & Church St,40.717571,-74.005549,39
93,321,Cadman Plaza E & Red Cross Pl,40.69991755,-73.98971773,27
94,322,Clinton St & Tillary St,40.696192,-73.991218,31
95,323,Lawrence St & Willoughby St,40.69236178,-73.98631746,39
96,324,DeKalb Ave & Hudson Ave,40.689888,-73.981013,51
97,325,E 19 St & 3 Ave,40.73624527,-73.98473765,35
98,326,E 11 St & 1 Ave,40.72953837,-73.98426726,27
99,327,Vesey Pl & River Terrace,40.7153379,-74.01658354,39
100,328,Watts St & Greenwich St,40.72405549,-74.00965965,23
101,330,Reade St & Broadway,40.71450451,-74.00562789,39
102,331,Pike St & Monroe St,40.71173107,-73.99193043,27
103,332,Cherry St,40.71219906,-73.97948148,24
104,334,W 20 St & 7 Ave,40.74238787,-73.99726235,31
105,335,Washington Pl & Broadway,40.72903917,-73.99404649,27
106,336,Sullivan St & Washington Sq,40.73047747,-73.99906065,36
107,337,Old Slip & Front St,40.7037992,-74.00838676,37
108,339,Avenue D & E 12 St,40.72580614,-73.97422494,24
109,340,Madison St & Clinton St,40.71269042,-73.98776323,27
110,341,Stanton St & Mangin St,40.71782143,-73.97628939,19
111,342,Columbia St & Rivington St,40.71739973,-73.98016555,29
112,343,Clinton Ave & Flushing Ave,40.69794,-73.96986848,23
113,344,Monroe St & Bedford Ave,40.6851443,-73.95380904,23
114,345,W 13 St & 6 Ave,40.73649403,-73.99704374,35
115,346,Bank St & Hudson St,40.73652889,-74.00618026,27
116,347,Greenwich St & W Houston St,40.728846,-74.008591,35
117,349,Rivington St & Ridge St,40.71850211,-73.98329859,23
118,350,Clinton St & Grand St,40.71559509,-73.9870295,28
119,351,Front St & Maiden Ln,40.70530954,-74.00612572,39
120,353,S Portland Ave & Hanson Pl,40.68539567,-73.97431458,27
121,354,Emerson Pl & Myrtle Ave,40.69363137,-73.96223558,23
122,355,Bayard St & Baxter St,40.71602118,-73.99974372,43
123,356,Bialystoker Pl & Delancey St,40.71622644,-73.98261206,23
124,357,E 11 St & Broadway,40.73261787,-73.99158043,27
125,358,Christopher St & Greenwich St,40.73291553,-74.00711384,36
126,359,E 47 St & Park Ave,40.75510267,-73.97498696,55
127,360,William St & Pine St,40.70717936,-74.00887308,39
128,361,Allen St & Hester St,40.71605866,-73.99190759,43
129,362,Broadway & W 37 St,40.75172632,-73.98753523,57
130,363,West Thames St,40.70834698,-74.01713445,49
131,364,Lafayette Ave & Classon Ave,40.68900443,-73.96023854,27
132,365,Fulton St & Grand Ave,40.68223166,-73.9614583,31
133,366,Clinton Ave & Myrtle Ave,40.693261,-73.968896,33
134,368,Carmine St & 6 Ave,40.73038599,-74.00214988,39
135,369,Washington Pl & 6 Ave,40.73224119,-74.00026394,35
136,372,Franklin Ave & Myrtle Ave,40.694546087246025,-73.95801365375519,27
137,373,Willoughby Ave & Walworth St,40.69331716,-73.95381995,19
138,376,John St & William St,40.70862144,-74.00722156,43
139,377,6 Ave & Canal St,40.72243797,-74.00566443,45
140,379,W 31 St & 7 Ave,40.749156,-73.9916,42
141,380,W 4 St & 7 Ave S,40.73401143,-74.00293877,39
142,382,University Pl & E 14 St,40.73492695,-73.99200509,36
143,383,Greenwich Ave & Charles St,40.735238,-74.000271,39
144,385,E 55 St & 2 Ave,40.75797322,-73.96603308,29
145,386,Centre St & Worth St,40.71494807,-74.00234482,43
146,387,Centre St & Chambers St,40.71273266,-74.0046073,39
147,388,W 26 St & 10 Ave,40.749717753,-74.002950346,35
148,389,Broadway & Berry St,40.71044554,-73.96525063,27
149,390,Duffield St & Willoughby St,40.69221589,-73.9842844,31
150,391,Clark St & Henry St,40.69760127,-73.99344559,31
151,392,Jay St & Tech Pl,40.695065,-73.987167,35
152,393,E 5 St & Avenue C,40.72299208,-73.97995466,31
153,394,E 9 St & Avenue C,40.72521311,-73.97768752,32
154,396,Lefferts Pl & Franklin Ave,40.680342423,-73.9557689392,25
155,397,Fulton St & Clermont Ave,40.68415748,-73.96922273,27
156,398,Atlantic Ave & Furman St,40.69165183,-73.9999786,31
157,399,Lafayette Ave & St James Pl,40.68851534,-73.9647628,27
158,400,Pitt St & Stanton St,40.71926081,-73.98178024,15
159,401,Allen St & Rivington St,40.72019576,-73.98997825,42
160,402,Broadway & E 22 St,40.7403432,-73.98955109,39
161,403,E 2 St & 2 Ave,40.72502876,-73.99069656,31
162,405,Washington St & Gansevoort St,40.739323,-74.008119,40
163,406,Hicks St & Montague St,40.69512845,-73.99595065,34
164,407,Henry St & Poplar St,40.700469,-73.991454,37
165,408,Market St & Cherry St,40.71076228,-73.99400398,23
166,409,DeKalb Ave & Skillman St,40.6906495,-73.95643107,19
167,410,Suffolk St & Stanton St,40.72066442,-73.98517977,35
168,411,E 6 St & Avenue D,40.72228087,-73.97668709,23
169,412,Forsyth St & Canal St,40.7158155,-73.99422366,29
170,414,Pearl St & Anchorage Pl,40.70281858,-73.98765762,24
171,415,Pearl St & Hanover Square,40.7047177,-74.00926027,42
172,416,Cumberland St & Lafayette Ave,40.68753406,-73.97265183,31
173,417,Barclay St & Church St,40.71291224,-74.01020234,23
174,418,Front St & Gold St,40.70224,-73.982578,23
175,419,Carlton Ave & Park Ave,40.69580705,-73.97355569,23
176,420,Clermont Ave & Lafayette Ave,40.68764484,-73.96968902,23
177,421,Clermont Ave & Park Ave,40.69573398,-73.97129668,19
178,422,W 59 St & 10 Ave,40.770513,-73.988038,55
179,423,W 54 St & 9 Ave,40.76584941,-73.98690506,26
180,426,West St & Chambers St,40.71754834,-74.01322069,30
181,427,Bus Slip & State St,40.701907,-74.013942,47
183,430,York St & Jay St,40.7014851,-73.98656928,27
184,432,E 7 St & Avenue A,40.72621788,-73.98379855,29
185,433,E 13 St & Avenue A,40.72955361,-73.98057249,39
186,435,W 21 St & 6 Ave,40.74173969,-73.99415556,47
187,436,Hancock St & Bedford Ave,40.68216564,-73.95399026,27
188,437,Macon St & Nostrand Ave,40.6809833854,-73.9500479759,24
189,438,St Marks Pl & 1 Ave,40.72779126,-73.98564945,41
190,439,E 4 St & 2 Ave,40.7262807,-73.98978041,39
191,440,E 45 St & 3 Ave,40.75255434,-73.97282625,32
192,441,E 52 St & 2 Ave,40.756014,-73.967416,35
194,443,Bedford Ave & S 9 St,40.70853074,-73.96408963,23
195,445,E 10 St & Avenue A,40.72740794,-73.98142006,54
196,446,W 24 St & 7 Ave,40.74487634,-73.99529885,39
197,447,8 Ave & W 52 St,40.76370739,-73.9851615,23
198,448,W 37 St & 10 Ave,40.75660359,-73.9979009,31
199,449,W 52 St & 9 Ave,40.76461837,-73.98789473,31
200,450,W 49 St & 8 Ave,40.76227205,-73.98788205,59
201,453,W 22 St & 8 Ave,40.74475148,-73.99915362,39
202,454,E 51 St & 1 Ave,40.75455731,-73.96592976,35
203,455,1 Ave & E 44 St,40.75001986,-73.96905301,39
204,456,E 53 St & Madison Ave,40.7597108,-73.97402311,35
205,457,Broadway & W 58 St,40.76695317,-73.98169333,39
206,458,11 Ave & W 27 St,40.751396,-74.005226,31
207,459,W 20 St & 11 Ave,40.746745,-74.007756,49
208,460,S 4 St & Wythe Ave,40.71285887,-73.96590294,23
209,461,E 20 St & 2 Ave,40.73587678,-73.98205027,39
210,462,W 22 St & 10 Ave,40.74691959,-74.00451887,47
211,465,Broadway & W 41 St,40.75513557,-73.98658032,39
212,466,W 25 St & 6 Ave,40.74395411,-73.99144871,35
213,467,Dean St & 4 Ave,40.68312489,-73.97895137,34
214,468,Broadway & W 56 St,40.7652654,-73.98192338,49
215,469,Broadway & W 53 St,40.76344058,-73.98268129,57
216,470,W 20 St & 8 Ave,40.74345335,-74.00004031,37
217,471,Grand St & Havemeyer St,40.71286844,-73.95698119,31
218,472,E 32 St & Park Ave,40.7457121,-73.98194829,41
219,473,Rivington St & Chrystie St,40.72110063,-73.9919254,38
220,474,5 Ave & E 29 St,40.7451677,-73.98683077,47
221,476,E 31 St & 3 Ave,40.74394314,-73.97966069,47
222,477,W 41 St & 8 Ave,40.75640548,-73.9900262,59
223,478,11 Ave & W 41 St,40.76030096,-73.99884222,31
224,479,9 Ave & W 45 St,40.76019252,-73.9912551,31
225,480,W 53 St & 10 Ave,40.76669671,-73.99061728,27
226,481,S 3 St & Bedford Ave,40.71260486,-73.96264403,25
227,482,W 15 St & 7 Ave,40.73935542,-73.99931783,39
228,483,E 12 St & 3 Ave,40.73223272,-73.98889957,35
229,484,W 44 St & 5 Ave,40.75500254,-73.98014437,44
230,485,W 37 St & 5 Ave,40.75038009,-73.98338988,39
231,486,Broadway & W 29 St,40.7462009,-73.98855723,39
232,487,E 20 St & FDR Drive,40.73314259,-73.97573881,36
233,490,8 Ave & W 33 St,40.751551,-73.993934,59
234,491,E 24 St & Park Ave S,40.74096374,-73.98602213,53
235,492,W 33 St & 7 Ave,40.75019995,-73.99093085,61
236,494,W 26 St & 8 Ave,40.74734825,-73.99723551,35
237,495,W 47 St & 10 Ave,40.76269882,-73.99301222,25
238,496,E 16 St & 5 Ave,40.73726186,-73.99238967,47
239,497,E 17 St & Broadway,40.73704984,-73.99009296,59
240,498,Broadway & W 32 St,40.74854862,-73.98808416,30
241,499,Broadway & W 60 St,40.76915505,-73.98191841,36
242,500,Broadway & W 51 St,40.76228826,-73.98336183,52
243,501,FDR Drive & E 35 St,40.744219,-73.97121214,43
244,502,Henry St & Grand St,40.714215,-73.981346,30
245,503,E 20 St & Park Ave,40.73827428,-73.98751968,29
246,504,1 Ave & E 16 St,40.73221853,-73.98165557,45
247,505,6 Ave & W 33 St,40.74901271,-73.98848395,36
248,507,E 25 St & 2 Ave,40.73912601,-73.97973776,45
249,508,W 46 St & 11 Ave,40.76341379,-73.99667444,24
250,509,9 Ave & W 22 St,40.7454973,-74.00197139,36
251,513,W 56 St & 10 Ave,40.768254,-73.988639,27
252,514,12 Ave & W 40 St,40.76087502,-74.00277668,52
253,515,W 43 St & 10 Ave,40.76009437,-73.99461843,35
254,516,E 47 St & 1 Ave,40.75206862,-73.96784384,31
255,517,Pershing Square South,40.751581,-73.97791,59
256,518,E 39 St & 2 Ave,40.74780373,-73.9734419,39
257,519,Pershing Square North,40.751873,-73.977706,61
258,520,W 52 St & 5 Ave,40.75992262,-73.97648516,39
259,522,E 51 St & Lexington Ave,40.75714758,-73.97207836,51
260,523,W 38 St & 8 Ave,40.75466591,-73.99138152,51
261,524,W 43 St & 6 Ave,40.75527307,-73.98316936,55
262,525,W 34 St & 11 Ave,40.75594159,-74.0021163,39
263,526,E 33 St & 5 Ave,40.74765947,-73.98490707,39
264,527,E 33 St & 2 Ave,40.744023,-73.976056,59
265,528,2 Ave & E 31 St,40.74290902,-73.97706058,39
266,529,W 42 St & 8 Ave,40.7575699,-73.99098507,41
267,530,11 Ave & W 59 St,40.771522,-73.990541,24
268,531,Forsyth St & Broome St,40.71893904,-73.99266288,39
269,532,S 5 Pl & S 4 St,40.710451,-73.960876,43
270,533,Broadway & W 38 St,40.75299641,-73.98721619,46
271,534,Water - Whitehall Plaza,40.70255065,-74.0127234,31
272,536,1 Ave & E 30 St,40.74144387,-73.97536082,29
273,537,Lexington Ave & E 24 St,40.74025878,-73.98409214,39
274,539,Metropolitan Ave & Bedford Ave,40.71534825,-73.96024116,31
275,540,Lexington Ave & E 29 St,40.74311555376486,-73.98215353488922,30
276,545,E 23 St & 1 Ave,40.736502,-73.97809472,27
277,546,E 30 St & Park Ave S,40.74444921,-73.98303529,38
278,2000,Front St & Washington St,40.70255088,-73.98940236,30
279,2001,Sands St & Navy St,40.699773,-73.979927,15
280,2002,Wythe Ave & Metropolitan Ave,40.716887,-73.963198,27
281,2003,1 Ave & E 18 St,40.733812191966315,-73.98054420948029,39
282,2005,Railroad Ave & Kay Ave,40.70531194,-73.97100056,12
283,2006,Central Park S & 6 Ave,40.76590936,-73.97634151,49
284,2008,Little West St & 1 Pl,40.70569254,-74.01677685,24
285,2009,Catherine St & Monroe St,40.71117444,-73.99682619,35
286,2010,Grand St & Greene St,40.72165481,-74.00234737,39
287,2012,E 27 St & 1 Ave,40.739445,-73.976806,36
288,2021,W 45 St & 8 Ave,40.75929124,-73.98859651,43
289,2022,E 60 St & York Ave,40.759107,-73.959223,33
290,2023,E 55 St & Lexington Ave,40.75968085,-73.97031366,36
291,3002,South End Ave & Liberty St,40.711512,-74.015756,25
292,3016,Kent Ave & N 7 St,40.72036775298455,-73.96165072917938,47
293,3041,Kingston Ave & Herkimer St,40.67890679,-73.94142771,24
294,3042,Fulton St & Utica Ave,40.6794268,-73.9298911,19
295,3043,Lewis Ave & Decatur St,40.6814598,-73.934903,19
296,3044,Albany Ave & Fulton St,40.6800105,-73.938475,27
297,3046,Marcus Garvey Blvd & Macon St,40.682601,-73.938037,19
298,3047,Halsey St & Tompkins Ave,40.6823687,-73.944118,21
299,3048,Putnam Ave & Nostrand Ave,40.68402,-73.94977,19
300,3049,Cambridge Pl & Gates Ave,40.68488,-73.96304,18
301,3050,Putnam Ave & Throop Ave,40.6851532,-73.94111,21
302,3052,Lewis Ave & Madison St,40.686312,-73.935775,23
303,3053,Marcy Ave & Lafayette Ave,40.6900815,-73.947915,23
304,3054,Greene Ave & Throop Ave,40.6894932,-73.942061,19
305,3055,Greene Ave & Nostrand Ave,40.6883337,-73.950916,23
306,3056,Kosciuszko St & Nostrand Ave,40.69072549,-73.95133465,23
307,3057,Kosciuszko St & Tompkins Ave,40.69128258,-73.9452416,18
308,3058,Lewis Ave & Kosciuszko St,40.69237074,-73.93705428,24
309,3059,Pulaski St & Marcus Garvey Blvd,40.6933982,-73.939877,19
310,3060,Willoughby Ave & Tompkins Ave,40.69425403,-73.94626915,19
311,3061,Throop Ave & Myrtle Ave,40.69622937,-73.94371094,21
312,3062,Myrtle Ave & Marcy Ave,40.69539817,-73.94954908,23
313,3063,Nostrand Ave & Myrtle Ave,40.69527008,-73.95238108,20
314,3064,Myrtle Ave & Lewis Ave,40.69681963,-73.93756926,23
315,3065,Union Ave & Wallabout St,40.70029511,-73.95032283,27
316,3066,Tompkins Ave & Hopkins St,40.69957608,-73.94708417,19
317,3067,Broadway & Whipple St,40.7016657,-73.9437303,27
318,3068,Humboldt St & Varet St,40.7031724,-73.940636,24
319,3069,Lorimer St & Broadway,40.70411791,-73.94818595,25
320,3070,McKibbin St & Manhattan Ave,40.70510918,-73.94407279,23
321,3071,Boerum St & Broadway,40.70538077,-73.94976519,19
322,3072,Leonard St & Boerum St,40.70583339,-73.94644578,24
323,3073,Division Ave & Hooper St,40.70691254,-73.95441667,27
324,3074,Montrose Ave & Bushwick Ave,40.70767788,-73.94016171,31
325,3075,Division Ave & Marcy Ave,40.70708701,-73.95796783,33
326,3076,Scholes St & Manhattan Ave,40.70870368,-73.9448625,24
327,3077,Stagg St & Union Ave,40.70877084,-73.95095259,33
328,3078,Broadway & Roebling St,40.70924826276157,-73.96063148975372,27
329,3080,S 4 St & Rodney St,40.70934,-73.95608,21
330,3081,Graham Ave & Grand St,40.711863,-73.944024,23
331,3082,Hope St & Union Ave,40.71167351,-73.95141312,25
332,3083,Bushwick Ave & Powers St,40.71247661,-73.94100005,30
333,3085,Roebling St & N 4 St,40.71469,-73.95739,25
334,3086,Graham Ave & Conselyea St,40.715143,-73.944507,25
335,3087,Metropolitan Ave & Meeker Ave,40.71413311,-73.95234386,30
336,3088,Union Ave & Jackson St,40.7160751,-73.952029,19
337,3090,N 8 St & Driggs Ave,40.71774592,-73.95600096,31
338,3091,Frost St & Meeker St,40.71764,-73.94882,31
339,3092,Berry St & N 8 St,40.7190095,-73.95852515,27
340,3093,N 6 St & Bedford Ave,40.71745169,-73.95850939,28
341,3094,Graham Ave & Withers St,40.7169811,-73.94485918,18
342,3095,Graham Ave & Herbert St,40.71929301,-73.94500379,23
343,3096,Union Ave & N 12 St,40.71924,-73.95242,39
344,3100,Nassau Ave & Newell St,40.724812564400175,-73.94752621650696,39
345,3101,N 12 St & Bedford Ave,40.72079821,-73.95484712,27
346,3102,Driggs Ave & Lorimer St,40.72179134,-73.9504154,27
347,3103,N 11 St & Wythe Ave,40.72153267,-73.95782357,27
348,3105,N 15 St & Wythe Ave,40.724055,-73.955736,24
349,3106,Driggs Ave & N Henry St,40.72325,-73.94308,19
350,3107,Bedford Ave & Nassau Ave,40.72311651,-73.95212324,39
351,3108,Nassau Ave & Russell St,40.72557,-73.94434,24
352,3109,Banker St & Meserole Ave,40.72606,-73.95621,31
353,3110,Meserole Ave & Manhattan Ave,40.72708584,-73.95299117,27
354,3112,Milton St & Franklin St,40.72906,-73.95779,33
355,3113,Greenpoint Ave & Manhattan Ave,40.73026,-73.95394,27
356,3115,India St & Manhattan Ave,40.73232194,-73.9550858,34
357,3116,Huron St & Franklin St,40.73266,-73.95826,45
358,3117,Franklin St & Dupont St,40.73564,-73.95866,27
359,3118,McGuinness Blvd & Eagle St,40.73555,-73.95284,30
360,3119,Vernon Blvd & 50 Ave,40.74232744,-73.95411749,45
361,3120,Center Blvd & Borden Ave,40.74161,-73.96044,20
362,3121,Jackson Ave & 46 Rd,40.74524768,-73.94733276,27
363,3122,48 Ave & 5 St,40.744363287066875,-73.9558732509613,31
364,3123,31 St & Thomson Ave,40.74469738,-73.93540375,27
365,3124,46 Ave & 5 St,40.74731,-73.95451,27
366,3125,45 Rd & 11 St,40.74708586,-73.94977234,23
367,3126,44 Dr & Jackson Ave,40.74718234,-73.9432635,34
368,3127,9 St & 44 Rd,40.74966,-73.9521,35
369,3128,21 St & 43 Ave,40.75052534,-73.94594845,23
370,3129,Queens Plaza North & Crescent St,40.75110165,-73.94073717,31
371,3130,21 St & Queens Plaza North,40.75325964,-73.94335788,31
372,3131,E 68 St & 3 Ave,40.76712840349542,-73.96224617958069,31
373,3132,E 59 St & Madison Ave,40.76350532,-73.97109243,35
374,3134,3 Ave & E 62 St,40.76312584,-73.96526895,51
375,3135,E 75 St & 3 Ave,40.77112927,-73.95772297,41
376,3136,5 Ave & E 63 St,40.766368,-73.971518,47
377,3137,5 Ave & E 73 St,40.77282817,-73.96685276,31
378,3139,E 72 St & Park Ave,40.77118287540658,-73.96409422159195,43
379,3140,1 Ave & E 78 St,40.77140426,-73.9535166,55
380,3141,1 Ave & E 68 St,40.76500525,-73.95818491,59
381,3142,1 Ave & E 62 St,40.7612274,-73.96094022,41
382,3143,5 Ave & E 78 St,40.77632142182271,-73.96427392959595,47
383,3144,E 81 St & Park Ave,40.77677702,-73.9590097,46
384,3145,E 84 St & Park Ave,40.77862688,-73.95772073,45
385,3146,E 81 St & 3 Ave,40.77573034,-73.9567526,47
386,3147,E 85 St & 3 Ave,40.77801203,-73.95407149,39
387,3148,E 84 St & 1 Ave,40.77565541,-73.95068615,27
388,3150,E 85 St & York Ave,40.77536905,-73.94803392,47
389,3151,E 81 St & York Ave,40.7728384,-73.94989233,43
390,3152,3 Ave & E 71 St,40.76873687,-73.96119945,42
391,3155,Lexington Ave & E 63 St,40.76440023,-73.96648977,39
392,3156,E 72 St & York Ave,40.76663814,-73.95348296,39
393,3157,East End Ave & E 86 St,40.77518615,-73.94446054,27
394,3158,W 63 St & Broadway,40.77163851,-73.98261428,31
395,3159,W 67 St & Broadway,40.77492513,-73.98266566,31
396,3160,Central Park West & W 76 St,40.77896784,-73.97374737,27
397,3161,W 76 St & Columbus Ave,40.7801839724239,-73.97728532552719,59
398,3162,W 78 St & Broadway,40.78339981,-73.98093133,39
399,3163,Central Park West & W 68 St,40.7734066,-73.97782542,43
400,3164,Columbus Ave & W 72 St,40.7770575,-73.97898475,67
401,3165,Central Park West & W 72 St,40.77579376683666,-73.9762057363987,51
402,3166,Riverside Dr & W 72 St,40.78057799010334,-73.98562431335449,41
403,3167,Amsterdam Ave & W 73 St,40.77966809007312,-73.98093044757842,55
404,3168,Central Park West & W 85 St,40.78472675,-73.96961715,31
405,3169,Riverside Dr & W 82 St,40.78720869,-73.98128127,39
406,3170,W 84 St & Columbus Ave,40.78499979,-73.97283406,35
407,3171,Amsterdam Ave & W 82 St,40.78524672,-73.97667321,39
408,3172,W 74 St & Columbus Ave,40.7785669,-73.97754961,27
409,3173,Riverside Blvd & W 67 St,40.777507027547976,-73.98888587951659,39
410,3175,W 70 St & Amsterdam Ave,40.77748046,-73.98288594,31
411,3176,W 64 St & West End Ave,40.77452835,-73.98753759,43
412,3177,W 84 St & Broadway,40.7867947,-73.977112,63
413,3178,Riverside Dr & W 78 St,40.78414472,-73.98362492,39
414,3179,Park Ave & Marcus Garvey Blvd,40.698617,-73.941342,23
415,3180,Brooklyn Bridge Park - Pier 2,40.69878,-73.99712,31
416,3183,Exchange Place,40.7162469,-74.0334588,30
417,3184,Paulus Hook,40.7141454,-74.0335519,14
418,3185,City Hall,40.7177325,-74.043845,22
419,3186,Grove St PATH,40.71958611647166,-74.04311746358871,42
420,3187,Warren St,40.7211236,-74.03805095,22
421,3188,NJCU,40.7101087,-74.0858489,18
422,3189,West Side Light Rail,40.714402,-74.0887723,14
423,3190,Garfield Ave Station,40.7104670233797,-74.07003879547119,14
424,3191,Union St,40.7182113,-74.0836394,18
425,3192,Liberty Light Rail,40.7112423,-74.0557013,22
426,3193,Lincoln Park,40.7246050998869,-74.07840594649315,18
427,3194,McGinley Square,40.7253399253558,-74.06762212514877,22
428,3195,Sip Ave,40.73074262530658,-74.06378388404846,38
429,3196,Riverview Park,40.7443187,-74.0439909,18
430,3198,Heights Elevator,40.748715945380226,-74.04044330120087,18
431,3199,Newport Pkwy,40.7287448,-74.0321082,14
432,3200,MLK Light Rail,40.7111305,-74.0788855,18
433,3201,Dey St,40.737711,-74.066921,18
434,3202,Newport PATH,40.7272235,-74.0337589,18
435,3203,Hamilton Park,40.727595966,-74.044247311,26
436,3205,JC Medical Center,40.71653978099194,-74.0496379137039,21
437,3206,Hilltop,40.7311689,-74.0575736,26
438,3207,Oakland Ave,40.7376037,-74.0524783,26
439,3209,Brunswick St,40.7241765,-74.0506564,22
440,3210,Pershing Field,40.742677141,-74.051788633,18
441,3211,Newark Ave,40.72152515,-74.046304543,22
442,3212,Christ Hospital,40.734785818,-74.050443636,22
443,3213,Van Vorst Park,40.71848892,-74.047726625,22
444,3214,Essex Light Rail,40.7127742,-74.0364857,22
445,3216,Columbia Park,40.6970299,-74.0969366,18
446,3217,Bayside Park,40.698650544,-74.082079678,18
447,3220,5 Corners Library,40.734961020009514,-74.0595030784607,18
448,3221,47 Ave & 31 St,40.743,-73.93561,27
449,3223,E 55 St & 3 Ave,40.758996559605116,-73.96865397691727,54
450,3224,W 13 St & Hudson St,40.73997354103409,-74.00513872504234,39
451,3225,Baldwin at Montgomery,40.7236589,-74.0641943,14
452,3226,W 82 St & Central Park West,40.78275,-73.97137,45
453,3231,E 67 St & Park Ave,40.76780080148132,-73.96592080593109,39
454,3232,Bond St & Fulton St,40.68962188790333,-73.98304268717766,31
455,3233,E 48 St & 5 Ave,40.75724567911726,-73.97805914282799,39
456,3235,E 41 St & Madison Ave,40.752165280621966,-73.97992193698882,31
457,3236,W 42 St & Dyer Ave,40.75898481399634,-73.99379968643188,33
458,3238,E 80 St & 2 Ave,40.77391390238118,-73.9543953537941,37
459,3241,Monroe St & Tompkins Ave,40.686203,-73.944694,19
460,3242,Schermerhorn St & Court St,40.69102925677968,-73.99183362722397,39
461,3243,E 58 St & 1 Ave,40.75892386377695,-73.96226227283478,29
462,3244,University Pl & E 8 St,40.73143724085228,-73.99490341544151,31
463,3249,Verona Pl & Fulton St,40.6803560840434,-73.9476791024208,19
464,3255,8 Ave & W 31 St,40.7505853470215,-73.9946848154068,19
465,3256,Pier 40 - Hudson River Park,40.7277140777778,-74.01129573583603,22
466,3258,W 27 St & 10 Ave,40.75018156325683,-74.00218427181244,37
467,3259,9 Ave & W 28 St,40.74937024193277,-73.99923384189606,27
468,3260,Mercer St & Bleecker St,40.72706363348306,-73.99662137031554,31
469,3263,Cooper Square & Astor Pl,40.72951496224949,-73.99075269699097,59
470,3267,Morris Canal,40.7124188237569,-74.03852552175522,14
471,3268,Lafayette Park,40.71346382669195,-74.06285852193832,14
472,3269,Brunswick & 6th,40.72601172964625,-74.05038893222809,14
473,3270,Jersey & 6th St,40.72528910781132,-74.04557168483734,14
474,3271,Danforth Light Rail,40.69263996618329,-74.08801227807997,14
475,3272,Jersey & 3rd,40.72333158646436,-74.04595255851744,14
476,3273,Manila & 1st,40.721650724879986,-74.04288411140442,18
477,3274,Bethune Center,40.704957516728605,-74.08593088388443,14
478,3275,Columbus Drive,40.71835519823214,-74.03891444206238,14
479,3276,Marin Light Rail,40.71458403535893,-74.04281705617905,26
480,3277,Communipaw & Berry Lane,40.71435836870427,-74.06661093235016,14
481,3278,Monmouth and 6th,40.72568548362901,-74.04879033565521,14
482,3279,Dixon Mills,40.721630142638354,-74.04996782541275,18
483,3280,Astor Place,40.71928220070702,-74.07126188278198,14
484,3281,Leonard Gordon Park,40.74590996631558,-74.0572714805603,14
485,3282,5 Ave & E 88 St,40.78307,-73.95939,38
486,3283,W 89 St & Columbus Ave,40.7882213,-73.97041561,47
487,3284,E 88 St & Park Ave,40.781410700190015,-73.95595908164978,38
488,3285,W 87 St & Amsterdam Ave,40.78839,-73.9747,43
489,3286,E 89 St & 3 Ave,40.7806284,-73.9521667,39
490,3288,E 88 St & 1 Ave,40.778301,-73.9488134,39
491,3289,W 90 St & Amsterdam Ave,40.79017948095081,-73.97288918495178,32
492,3290,E 89 St & York Ave,40.7779453,-73.946041,35
493,3292,5 Ave & E 93 St,40.7857851,-73.957481,43
494,3293,W 92 St & Broadway,40.7921,-73.9739,24
495,3294,E 91 St & Park Ave,40.7835016,-73.955327,38
496,3295,Central Park W & W 96 St,40.79127,-73.964839,59
497,3296,E 93 St & 2 Ave,40.782454175279874,-73.9489196240902,42
498,3297,6 St & 7 Ave,40.6686627,-73.97988067,21
499,3298,Warren St & Court St,40.686371,-73.99383324,23
500,3300,Prospect Park West & 8 St,40.66514681533792,-73.97637605667114,25
501,3301,Columbus Ave & W 95 St,40.7919557,-73.968087,39
502,3302,Columbus Ave & W 103 St,40.7969347,-73.9643412291,22
503,3303,Butler St & Court St,40.6849894,-73.99440329,25
504,3304,6 Ave & 9 St,40.668127,-73.98377641,27
505,3305,E 91 St & 2 Ave,40.78112229934166,-73.94965589046478,39
506,3306,10 St & 7 Ave,40.6662078,-73.98199886,23
507,3307,West End Ave & W 94 St,40.7941654,-73.974124,31
508,3308,Kane St & Clinton St,40.6861758,-73.99645295,27
509,3309,E 97 St & 3 Ave,40.7859201,-73.94860294,30
510,3310,14 St & 7 Ave,40.663779,-73.98396846,24
511,3311,Columbia St & Kane St,40.68763155,-74.0016256,21
512,3312,1 Ave & E 94 St,40.7817212,-73.94594,39
513,3313,6 Ave & 12 St,40.6663181,-73.9854617,29
514,3314,W 95 St & Broadway,40.7937704,-73.971888,32
515,3315,Henry St & Degraw St,40.6847514,-73.99917254,23
516,3316,W 104 St & Amsterdam Ave,40.7989937,-73.9662173778,47
517,3317,10 St & 5 Ave,40.6686273,-73.98700053,24
518,3318,2 Ave & E 96 St,40.7839636,-73.9471673,39
519,3319,14 St & 5 Ave,40.666287,-73.98895053,21
520,3320,Central Park West & W 100 St,40.793393,-73.9635556,49
521,3321,Clinton St & Union St,40.6831164,-73.99785267,25
522,3322,12 St & 4 Ave,40.668603,-73.9904394,25
523,3323,W 106 St & Central Park West,40.7981856,-73.9605909006,59
524,3324,3 Ave & 14 St,40.6685455,-73.99333264,25
525,3325,E 95 St & 3 Ave,40.7849032,-73.950503,31
526,3326,Clinton St & Centre St,40.67434,-74.00194698,21
527,3327,3 Ave & E 100 St,40.7877214,-73.94728331,27
528,3328,W 100 St & Manhattan Ave,40.795,-73.9645,39
529,3329,Degraw St & Smith St,40.6829151,-73.99318208,27
530,3330,Henry St & Bay St,40.6725058,-74.00494695,19
531,3331,Riverside Dr & W 104 St,40.8013434,-73.9711457439,39
532,3332,Degraw St & Hoyt St,40.681990442707026,-73.99079024791718,19
533,3333,Columbia St & Lorraine St,40.6747055,-74.0075572,21
534,3335,Union St & 4 Ave,40.6772744,-73.98282002,28
535,3336,E 97 St & Madison Ave,40.787801,-73.953559,41
536,3337,Dwight St & Van Dyke St,40.67363551341504,-74.01195555925369,23
537,3338,2 Ave & E 99 St,40.7862586,-73.94552579,31
538,3339,Berkeley Pl & 6 Ave,40.6765304,-73.97846879,23
539,3340,Wolcott St & Dwight St,40.6753274,-74.0100698,21
540,3341,Central Park West & W 102 St,40.795346,-73.96186,41
541,3342,Pioneer St & Richards St,40.6777748,-74.0094613,23
542,3343,W 107 St & Columbus Ave,40.7997568,-73.9621128676,23
543,3344,Pioneer St & Van Brunt St,40.679043,-74.011169,19
544,3345,Madison Ave & E 99 St,40.78948541553215,-73.95242929458618,35
545,3346,Berkeley Pl & 7 Ave,40.675146838709786,-73.97523209452629,29
546,3347,Van Brunt St & Wolcott St,40.6773429,-74.01275056,21
547,3348,Coffey St & Conover St,40.677236,-74.015665,19
548,3349,Grand Army Plaza & Plaza St West,40.6729679,-73.97087984,30
549,3350,W 100 St & Broadway,40.7973721,-73.97041192,39
550,3351,E 102 St & 1 Ave,40.7869946,-73.94164802,25
551,3352,Sigourney St & Columbia St,40.67267243410948,-74.0087952464819,21
552,3354,3 St & Prospect Park West,40.668132,-73.97363831,31
553,3355,E 66 St & Madison Ave,40.76800889305947,-73.96845281124115,25
554,3356,Amsterdam Ave & W 66 St,40.7746671,-73.98470567,21
555,3357,W 106 St & Amsterdam Ave,40.8008363,-73.9664492472,35
556,3358,Garfield Pl & 8 Ave,40.6711978,-73.97484126,25
557,3359,E 68 St & Madison Ave,40.7691572,-73.96703464,35
558,3360,Amsterdam Ave & W 79 St,40.7829391,-73.9786517,25
559,3361,Carroll St & 6 Ave,40.6740886,-73.9787282,23
560,3362,Madison Ave & E 82 St,40.7781314,-73.96069399,34
561,3363,E 102 St & Park Ave,40.7904828,-73.95033068,33
562,3364,Carroll St & 5 Ave,40.6751622,-73.9814832,27
563,3365,3 St & 7 Ave,40.6703837,-73.97839676,27
564,3366,West End Ave & W 107 St,40.8021174,-73.9681805305,31
565,3367,5 Ave & E 103 St,40.7922553,-73.95249933,39
566,3368,5 Ave & 3 St,40.6728155,-73.98352355,30
567,3369,E 82 St & East End Ave,40.772460677893974,-73.94682079553604,29
568,3370,E 78 St & 2 Ave,40.7727966,-73.95577801,25
569,3371,4 Ave & 2 St,40.674613422475815,-73.98501142859459,27
570,3372,E 74 St & 1 Ave,40.7689738,-73.95482273,39
571,3373,3 St & 3 Ave,40.6750705,-73.98775226,27
572,3374,Central Park North & Adam Clayton Powell Blvd,40.799484,-73.955613,36
573,3375,3 Ave & E 72 St,40.7699426,-73.96060712,35
574,3376,E 65 St & 2 Ave,40.76471851944339,-73.96222069859505,39
575,3377,Carroll St & Bond St,40.6786115,-73.99037292,25
576,3378,E 76 St & Park Ave,40.773763,-73.96222088,28
577,3379,E 103 St & Lexington Ave,40.7903051,-73.94755757,35
578,3381,3 St & Hoyt St,40.6777287,-73.99364123,21
579,3382,Carroll St & Smith St,40.680611,-73.99475825,31
580,3383,Cathedral Pkwy & Broadway,40.804213,-73.96699104,25
581,3384,Smith St & 3 St,40.6787242,-73.99599099,25
582,3386,1 Pl & Clinton St,40.6809591,-73.99905709,27
583,3387,E 106 St & Madison Ave,40.7934337,-73.94945003,25
584,3388,President St & Henry St,40.6828003,-73.99990419,25
585,3389,Carroll St & Columbia St,40.6830456,-74.00348559,28
586,3390,E 109 St & 3 Ave,40.79329668,-73.9432083,24
587,3391,E 106 St & 1 Ave,40.7892529,-73.93956237,25
588,3392,Commerce St & Van Brunt St,40.6812117,-74.00860912,19
589,3393,Richards St & Delavan St,40.6794327,-74.00785041,19
590,3394,Columbia St & W 9 St,40.6769993,-74.00647134,21
591,3395,Henry St & W 9 St,40.6763744,-74.00324957,19
592,3396,Clinton St & 4 Place,40.6783563,-74.00014502,25
593,3397,Court St & Nelson St,40.6763947,-73.99869893,25
594,3398,Smith St & 9 St,40.6746957,-73.99785768,23
595,3399,7 St & 3 Ave,40.67260298150126,-73.98983001708984,24
596,3400,E 110 St & Madison Ave,40.7961535,-73.94782145,24
597,3401,2 Ave & 9 St,40.6724811,-73.99331394,19
598,3402,Court St & State St,40.6902375,-73.99203074,23
599,3403,4 Ave & 9 St,40.6705135,-73.98876585,31
600,3404,7 St & 5 Ave,40.6704922,-73.98541675,27
601,3405,5 St & 6 Ave,40.6704836,-73.98208968,23
602,3407,Union St & Nevins St,40.67909799721684,-73.98765474557877,23
603,3408,Congress St & Clinton St,40.6881529,-73.99520919,27
604,3409,Bergen St & Smith St,40.6867443,-73.99063168,35
605,3410,Dean St & Hoyt St,40.6864442,-73.98759104,31
606,3411,Bond St & Bergen St,40.6849668,-73.98620772,27
607,3412,Pacific St & Nevins St,40.6853761,-73.98302136,18
608,3413,Wyckoff St & 3 Ave,40.6827549,-73.98258555,22
609,3414,Bergen St & Flatbush Ave,40.680944723477296,-73.97567331790923,33
610,3415,Prospect Pl & 6 Ave,40.6793307,-73.97519523,25
612,3417,Baltic St & 5 Ave,40.6795766,-73.97854971,27
613,3418,Plaza St West & Flatbush Ave,40.6750207,-73.97111473,33
614,3419,Douglass St & 4 Ave,40.6792788,-73.98154004,27
615,3420,Douglass St & 3 Ave,40.6802133,-73.98432695,21
616,3421,Hoyt St & Warren St,40.6843549,-73.98901629,23
617,3422,Columbia St & Degraw St,40.6859296,-74.00242364,21
618,3423,West Drive & Prospect Park West,40.6610633719006,-73.97945255041122,29
619,3424,E 106 St & Lexington Ave,40.791976,-73.945993,27
620,3425,2 Ave & E 104 St,40.7892105,-73.94370784,33
621,3427,Lafayette St & Jersey St,40.72430527250332,-73.99600982666016,40
622,3429,Hanson Pl & Ashland Pl,40.68506807308177,-73.97790759801863,39
623,3430,Richardson St & N Henry St,40.71907891179564,-73.94223690032959,19
624,3431,E 35 St & 3 Ave,40.746524,-73.977885,26
625,3434,W 88 St & West End Ave,40.79025417330419,-73.97718340158461,35
626,3435,Grand St & Elizabeth St,40.718822,-73.99596,45
628,3437,Riverside Dr & W 91 St,40.79313480986663,-73.97700369358063,39
629,3438,E 76 St & 3 Ave,40.772248537721744,-73.95842134952545,31
630,3440,Fulton St & Adams St,40.692418292578466,-73.98949474096298,43
631,3443,W 52 St & 6 Ave,40.76132983124814,-73.97982001304626,39
633,3449,Eckford St & Engert Ave,40.721462562298164,-73.94800901412964,18
634,3452,Bayard St & Leonard St,40.71915571696044,-73.94885390996933,43
635,3453,Devoe St & Lorimer St,40.71335226222875,-73.9491033554077,19
636,3454,Leonard St & Maujer St,40.7103685423523,-73.94705951213837,24
637,3455,Schermerhorn St & 3 Ave,40.68680820503432,-73.98036181926727,35
638,3456,Jackson St & Leonard St,40.71638031973561,-73.94821286201477,22
640,3458,W 55 St & 6 Ave,40.76309387270797,-73.9783501625061,40
641,3459,E 53 St & 3 Ave,40.75763227739443,-73.96930575370789,34
642,3461,Murray St & Greenwich St,40.714851505262516,-74.01122331619263,33
643,3462,E 44 St & 2 Ave,40.75118387463277,-73.97138714790344,39
644,3463,E 16 St & Irving Pl,40.735367055605394,-73.98797392845154,37
645,3466,W 45 St & 6 Ave,40.75668720603179,-73.98257732391357,34
646,3467,W Broadway & Spring Street,40.72494672359416,-74.00165855884552,42
647,3469,India St & West St,40.73181401720966,-73.95995020866394,23
648,3472,W 15 St & 10 Ave,40.742753828659026,-74.00747358798981,39
649,3474,6 Ave & Spring St,40.7252556952547,-74.00412082672119,36
651,3477,39 St & 2 Ave - Citi Bike HQ at Industry City,40.65539977447831,-74.01062786579132,33
652,3478,2 Ave & 36 St - Citi Bike HQ at Industry City,40.65708866668485,-74.00870203971863,43
653,3481,York St,40.71649,-74.04105,22
654,3486,Schermerhorn St & Bond St,40.688417427540834,-73.98451656103134,30
655,3489,Gold St & Frankfort St,40.71069994631387,-74.00354146957397,31
656,3490,E 116 St & 2 Ave,40.796879,-73.937261,31
657,3491,E 118 St & 1 Ave,40.79747,-73.93504,24
658,3492,E 118 St & Park Ave,40.8005385,-73.9419949,27
659,3493,E 118 St & 3 Ave,40.799139,-73.9389152,31
660,3494,E 115 St & Lexington Ave,40.797911,-73.9423,25
661,3495,E 114 St & 1 Ave,40.7945663,-73.9362541,26
662,3496,1 Ave & E 110 St,40.7923272,-73.9383,25
663,3497,Pleasant Ave & E 116 St,40.7949879,-73.9333349,23
664,3498,Pleasant Ave & E 120 St,40.7974772,-73.9311847,21
665,3499,2 Ave & E 122 St,40.8006721,-73.9349,25
666,3500,E 115 St & Madison Ave,40.7989445,-73.944846,31
667,3501,E 118 St & Madison Ave,40.8014866,-73.9442507,29
668,3502,Lexington Ave & E 111 St,40.7954121,-73.9441232,29
669,3503,Madison Ave & E 120 St,40.80295,-73.942954,30
670,3504,E 123 St & Lexington Ave,40.8029263,-73.9379,27
671,3505,Lexington Ave & E 127 St,40.805726,-73.936322,33
672,3506,Lexington Ave & E 120 St,40.8013066,-73.9398167,29
673,3507,Park Ave & E 124 St,40.8045555,-73.9396861,36
674,3508,St Nicholas Ave & Manhattan Ave,40.809725,-73.953149,31
675,3509,Lenox Ave & W 115 St,40.8011939,-73.9500739,31
676,3510,Adam Clayton Powell Blvd & W 123 St,40.8078316,-73.949373,31
677,3511,Adam Clayton Powell Blvd & W 115 St,40.802535,-73.9532423,22
678,3512,27 Ave & 4 St,40.7747175,-73.9337894,19
679,3513,21 St & Hoyt Ave S,40.774645,-73.923706,21
680,3514,Astoria Park S & Shore Blvd,40.7767,-73.927631,23
681,3515,24 Ave & 26 St,40.774591,-73.918544,19
682,3516,31 St & Astoria Blvd,40.7699176,-73.9184057,31
683,3517,31 St & Hoyt Ave N,40.7711528,-73.9170074,35
684,3518,Lenox Ave & W 126 St,40.808442,-73.9452087,34
686,3520,Adam Clayton Powell Blvd & W 118 St,40.804372,-73.951475,27
687,3521,Lenox Ave & W 111 St,40.7987859,-73.9523,36
688,3522,37 St & 24 Ave,40.7701477,-73.9120938,19
689,3523,24 Ave & 29 St,40.7729,-73.916142,25
690,3524,19 St & 24 Ave,40.7774552,-73.9225403,23
691,3525,23 Ave & 27 St,40.776165,-73.9153175,21
692,3526,31 St & 23 Ave,40.7747878,-73.9125551,27
693,3527,5 Ave & E 126 St,40.80698,-73.941747,27
694,3528,Steinway St & 23 Ave,40.7713937,-73.9077436,21
695,3529,Lenox Ave & W 130 St,40.8107922,-73.9430681,25
696,3530,Crescent St & Ditmars Blvd,40.7787185,-73.9145645,19
697,3531,Frederick Douglass Blvd & W 129 St,40.8125511,-73.9492286,27
698,3532,Ditmars Blvd & 19 St,40.78145,-73.9183302,27
699,3533,St. Nicholas Ave & W 126 St,40.8114323,-73.9518776,34
700,3534,Frederick Douglass Blvd & W 117 St,40.805159,-73.954692,39
701,3535,Mt Morris Park W & W 120 St,40.804038,-73.945925,27
702,3536,W 116 St & Broadway,40.8082,-73.9641,43
703,3537,Carlton Ave & Dean St,40.6809741,-73.9710097,29
704,3538,W 110 St & Amsterdam Ave,40.802692,-73.96295,26
705,3539,W 116 St & Amsterdam Ave,40.8067581,-73.9607082,43
706,3540,Morningside Ave & W 123 St,40.81,-73.9551508,35
707,3541,Amsterdam Ave & W 125 St,40.813358,-73.956461,39
708,3542,Amsterdam Ave & W 119 St,40.8086249,-73.9596214,29
709,3543,Morningside Dr & Amsterdam Ave,40.81028506306003,-73.95736455917358,35
710,3544,Underhill Ave & Pacific St,40.6804836,-73.9646795,27
711,3545,Broadway & W 122 St,40.8120562,-73.9612547,33
712,3546,Pacific St & Classon Ave,40.6791944,-73.9587903,21
713,3547,Broadway & Moylan Pl,40.8143256,-73.9590255,41
715,3549,Grand Ave & Bergen St,40.678045,-73.962408,25
716,3551,3 Ave & E 112 St,40.795508,-73.941606,23
717,3552,W 113 St & Broadway,40.805973,-73.964928,39
718,3553,Frederick Douglass Blvd & W 112 St,40.801694,-73.957145,37
719,3554,Vernon Blvd & 41 Rd,40.7552433,-73.9485678,27
720,3555,28 St & 41 Ave,40.751047,-73.93797,27
721,3556,24 St & 41 Ave,40.7527085,-73.9397405,19
722,3557,40 Ave & 9 St,40.75742,-73.945133,19
723,3558,Bergen St & Vanderbilt Ave,40.6794388,-73.9680438,27
724,3559,21 St & 38 Ave,40.7576314,-73.9391224,19
725,3560,28 St & 38 Ave,40.754876,-73.934326,19
726,3561,37 Ave & 35 St,40.7531106,-73.9279917,26
727,3562,Classon Ave & St Marks Ave,40.6765198,-73.9596082,27
728,3563,28 St & 36 Ave,40.757186,-73.932719,21
729,3564,21 St & 36 Ave,40.7601853,-73.9362726,19
730,3565,36 Ave & 10 St,40.7614376,-73.9411265,19
731,3566,Crescent St & 35 Ave,40.7596276,-73.9321455,25
732,3567,11 St & 35 Ave,40.7627442,-73.9391141,19
733,3568,34 St & 35 Ave,40.7569332,-73.9262231,21
734,3569,Franklin Ave & St Marks Ave,40.6758324,-73.9561677,29
735,3570,35 Ave & 37 St,40.7557327,-73.9236611,31
736,3571,Bedford Ave & Bergen St,40.676368,-73.952918,24
737,3572,34 Ave & 38 St,40.756913,-73.921631,33
738,3573,35 St & 34 Ave,40.7580583,-73.9242751,25
739,3574,Prospect Pl & Underhill Ave,40.6769694,-73.96579,23
740,3575,Crescent St & 34 Ave,40.76108,-73.930562,19
741,3576,Park Pl & Vanderbilt Ave,40.6767,-73.969024,27
742,3577,34 Ave & 21 St,40.7628138,-73.9342862,23
743,3578,Park Pl & Franklin Ave,40.6741806,-73.9564947,21
744,3579,Sterling Pl & Bedford Ave,40.672695,-73.954131,25
745,3580,St Johns Pl & Washington Ave,40.6737236,-73.9631611,30
746,3581,Underhill Ave & Lincoln Pl,40.6740123,-73.9671457,27
747,3582,Lincoln Pl & Classon Ave,40.6721683,-73.9609,28
748,3583,Eastern Pkwy & Washington Ave,40.6716493,-73.9631145,31
749,3584,Eastern Pkwy & Franklin Ave,40.6707767,-73.9576801,42
750,3585,Union St & Bedford Ave,40.6691783,-73.9554162,27
751,3586,34 Ave & 13 St,40.7638753,-73.9364848,19
752,3587,Carroll St & Washington Ave,40.6686744,-73.9618148,27
753,3588,Vernon Blvd & 10 St,40.7671863,-73.9373554,21
754,3589,Broadway & 12 St,40.7668,-73.9347774,19
755,3590,Carroll St & Franklin Ave,40.6679411,-73.9588,19
756,3591,21 St & 31 Dr,40.7659,-73.930819,21
757,3592,Crescent St & Broadway,40.7633589,-73.9286471,19
758,3593,31 St & Broadway,40.761584,-73.925921,35
760,3595,35 St & Broadway,40.760339,-73.9222427,18
761,3596,Sullivan Pl & Bedford Ave,40.6642406,-73.9574686,19
762,3597,43 St & Broadway,40.7577284,-73.9166368,25
763,3598,Newton Rd & 44 St,40.7595701,-73.9142678,19
764,3599,Franklin Ave & Empire Blvd,40.66314,-73.9605695,27
766,3601,Sterling St & Bedford Ave,40.6627059,-73.9569115,19
767,3602,31 Ave & 34 St,40.763154,-73.920827,23
768,3603,31 Ave & 30 St,40.7647,-73.9240312,21
769,3604,Rogers Ave & Sterling St,40.6630619,-73.9538746,17
770,3605,31 Ave & Crescent St,40.7658346,-73.9265474,21
771,3606,49 Ave & 21 St,40.74252,-73.948852,21
772,3607,31 Ave & 14 St,40.7682,-73.9322662,19
774,3609,Vernon Blvd & 31 Ave,40.7692475,-73.9354504,23
775,3610,Vernon Blvd & 30 Rd,40.770845,-73.934171,27
776,3611,Vernon Blvd & 47 Rd,40.7449067,-73.9534573,31
777,3612,30 Ave & 21 St,40.7703743,-73.9286078,15
778,3613,Center Blvd & 48 Ave,40.745038,-73.957539,27
779,3614,Crescent St & 30 Ave,40.768692,-73.9249574,23
780,3615,44 Dr & 21 St,40.748,-73.9460927,21
781,3616,Steinway St & 28 Ave,40.7656251,-73.9136695,25
782,3617,28 Ave & 35 St,40.7671,-73.9169858,25
783,3618,27 St & Hunter St,40.7485,-73.941275,25
784,3619,Newtown Ave & 23 St,40.7713615,-73.9246145,19
785,3620,11 St & 43 Ave,40.7519071,-73.9479119,23
786,3621,27 Ave & 9 St,40.7739825,-73.9309134,19
787,3622,E 128 St & Madison Ave,40.80756,-73.939182,23
788,3623,W 120 St & Claremont Ave,40.8109494,-73.9634,39
789,3625,28 St & 40 Ave,40.7525758,-73.9364281,22
792,3629,Adam Clayton Powell Blvd & W 126 St,40.809495347779475,-73.94776493310928,33
794,3631,Crown St & Bedford Ave,40.666563,-73.956741,27
795,3632,E 12 St & Avenue B,40.728048571362606,-73.97881150245667,33
796,3635,W 36 St & 9 Ave,40.75462324029105,-73.99516761302948,41
797,3637,Fulton St & Waverly Ave,40.683238654603414,-73.96599590778351,31
798,3638,Washington St,40.7242941,-74.0354826,18
799,3639,Harborside,40.7192517,-74.034234,30
800,3640,Journal Square,40.73367,-74.0625,18
801,3641,Broadway & W 25 St,40.74286877312112,-73.98918628692627,54
802,3642,E 98 St & Lexington Ave,40.78728519860952,-73.95012259483337,24
803,3643,E 41 St & 5 Ave,40.75272201381188,-73.98123621940613,55
804,3644,Van Dyke St & Van Brunt St,40.67581622522832,-74.01488184928894,24
805,3646,35 Ave & 10 St,40.76315481910373,-73.93985509872437,26
806,3647,48 Ave & 30 Pl,40.74128309355993,-73.93725872039794,23
807,3648,Flushing Ave & Vanderbilt Ave,40.697950315695444,-73.97077560424805,25
809,3653,31 St & 35 Ave,40.75820464696758,-73.92832159996033,19
810,3654,31 St & Northern Blvd,40.75186951421875,-73.93349289894103,35
811,3657,E 2 St & Ave A,0.0,0.0,0
812,3658,W 18 St & 9 Ave,40.7435337324616,-74.00367558002472,27
813,3659,W 17 St & 9 Ave,40.74294891660091,-74.00413691997528,25
814,3661,Montgomery St & Franklin Ave,40.666439306870814,-73.9605563879013,19
